dataset,model,version,horizon,accuracy,precision,recall,f1_weighted,f1_macro,confusion_matrix,classification_report,train_acc,val_acc
A_weather_only_t+6,LogisticRegression,A_weather_only,t+6,0.8265625,0.8704432798423071,0.8265625,0.8418961603574665,0.7477129370985903,"[[ 417   63    0]
 [ 120  226   14]
 [   0  247 1473]]","{'Low': {'precision': 0.776536312849162, 'recall': 0.86875, 'f1-score': 0.8200589970501475, 'support': 480.0}, 'Medium': {'precision': 0.4216417910447761, 'recall': 0.6277777777777778, 'f1-score': 0.5044642857142857, 'support': 360.0}, 'High': {'precision': 0.9905850706119704, 'recall': 0.8563953488372092, 'f1-score': 0.9186155285313377, 'support': 1720.0}, 'accuracy': 0.8265625, 'macro avg': {'precision': 0.7295877248353029, 'recall': 0.7843077088716623, 'f1-score': 0.7477129370985903, 'support': 2560.0}, 'weighted avg': {'precision': 0.8704432798423071, 'recall': 0.8265625, 'f1-score': 0.8418961603574665, 'support': 2560.0}}",,
A_weather_only_t+6,RandomForest,A_weather_only,t+6,0.843359375,0.8374713835976733,0.843359375,0.8339244282667441,0.7208057457202246,"[[ 230  129  121]
 [  79  242   39]
 [   0   33 1687]]","{'Low': {'precision': 0.7443365695792881, 'recall': 0.4791666666666667, 'f1-score': 0.5830164765525983, 'support': 480.0}, 'Medium': {'precision': 0.599009900990099, 'recall': 0.6722222222222223, 'f1-score': 0.6335078534031413, 'support': 360.0}, 'High': {'precision': 0.9133730373578777, 'recall': 0.9808139534883721, 'f1-score': 0.9458929072049341, 'support': 1720.0}, 'accuracy': 0.843359375, 'macro avg': {'precision': 0.7522398359757548, 'recall': 0.7107342807924204, 'f1-score': 0.7208057457202246, 'support': 2560.0}, 'weighted avg': {'precision': 0.8374713835976733, 'recall': 0.843359375, 'f1-score': 0.8339244282667441, 'support': 2560.0}}",,
A_weather_only_t+6,XGBoost,A_weather_only,t+6,0.837109375,0.8337839716793358,0.837109375,0.8264390543612077,0.7007194496599811,"[[ 205  169  106]
 [  76  245   39]
 [   0   27 1693]]","{'Low': {'precision': 0.7295373665480427, 'recall': 0.4270833333333333, 'f1-score': 0.5387647831800263, 'support': 480.0}, 'Medium': {'precision': 0.5555555555555556, 'recall': 0.6805555555555556, 'f1-score': 0.6117353308364545, 'support': 360.0}, 'High': {'precision': 0.9211099020674647, 'recall': 0.9843023255813953, 'f1-score': 0.9516582349634626, 'support': 1720.0}, 'accuracy': 0.837109375, 'macro avg': {'precision': 0.7354009413903544, 'recall': 0.6973137381567613, 'f1-score': 0.7007194496599811, 'support': 2560.0}, 'weighted avg': {'precision': 0.8337839716793358, 'recall': 0.837109375, 'f1-score': 0.8264390543612077, 'support': 2560.0}}",,
A_weather_only_t+6,LSTM,A_weather_only,t+6,0.8546875,0.8551488647141259,0.8546875,0.8548834501714957,0.7495894852548024,"[[ 351   78   51]
 [ 117  204   39]
 [   0   87 1633]]","{'Low': {'precision': 0.75, 'recall': 0.73125, 'f1-score': 0.740506329113924, 'support': 480.0}, 'Medium': {'precision': 0.5528455284552846, 'recall': 0.5666666666666667, 'f1-score': 0.5596707818930041, 'support': 360.0}, 'High': {'precision': 0.9477655252466628, 'recall': 0.9494186046511628, 'f1-score': 0.948591344757479, 'support': 1720.0}, 'accuracy': 0.8546875, 'macro avg': {'precision': 0.7502036845673157, 'recall': 0.749111757105943, 'f1-score': 0.7495894852548024, 'support': 2560.0}, 'weighted avg': {'precision': 0.8551488647141259, 'recall': 0.8546875, 'f1-score': 0.8548834501714957, 'support': 2560.0}}",0.974084734916687,0.9883449673652649
A_weather_only_t+12,LogisticRegression,A_weather_only,t+12,0.7797413793103448,0.8241482118628172,0.7797413793103448,0.7962767449614473,0.6497147074499253,"[[ 212  174   14]
 [ 105  204   11]
 [  90  117 1393]]","{'Low': {'precision': 0.5208845208845209, 'recall': 0.53, 'f1-score': 0.5254027261462205, 'support': 400.0}, 'Medium': {'precision': 0.4121212121212121, 'recall': 0.6375, 'f1-score': 0.5006134969325153, 'support': 320.0}, 'High': {'precision': 0.9823695345557123, 'recall': 0.870625, 'f1-score': 0.9231278992710404, 'support': 1600.0}, 'accuracy': 0.7797413793103448, 'macro avg': {'precision': 0.6384584225204818, 'recall': 0.679375, 'f1-score': 0.6497147074499253, 'support': 2320.0}, 'weighted avg': {'precision': 0.8241482118628172, 'recall': 0.7797413793103448, 'f1-score': 0.7962767449614473, 'support': 2320.0}}",,
A_weather_only_t+12,RandomForest,A_weather_only,t+12,0.8228448275862069,0.8446993791821377,0.8228448275862069,0.8258441565334358,0.6932640585916587,"[[ 174  196   30]
 [  45  264   11]
 [  71   58 1471]]","{'Low': {'precision': 0.6, 'recall': 0.435, 'f1-score': 0.5043478260869565, 'support': 400.0}, 'Medium': {'precision': 0.5096525096525096, 'recall': 0.825, 'f1-score': 0.630071599045346, 'support': 320.0}, 'High': {'precision': 0.9728835978835979, 'recall': 0.919375, 'f1-score': 0.9453727506426736, 'support': 1600.0}, 'accuracy': 0.8228448275862069, 'macro avg': {'precision': 0.6941787025120357, 'recall': 0.7264583333333334, 'f1-score': 0.6932640585916587, 'support': 2320.0}, 'weighted avg': {'precision': 0.8446993791821377, 'recall': 0.8228448275862069, 'f1-score': 0.8258441565334358, 'support': 2320.0}}",,
A_weather_only_t+12,XGBoost,A_weather_only,t+12,0.8163793103448276,0.8421368848496674,0.8163793103448276,0.8231879480076497,0.6834894821809151,"[[ 181  197   22]
 [  70  250    0]
 [  80   57 1463]]","{'Low': {'precision': 0.5468277945619335, 'recall': 0.4525, 'f1-score': 0.4952120383036936, 'support': 400.0}, 'Medium': {'precision': 0.49603174603174605, 'recall': 0.78125, 'f1-score': 0.6067961165048543, 'support': 320.0}, 'High': {'precision': 0.9851851851851852, 'recall': 0.914375, 'f1-score': 0.9484602917341978, 'support': 1600.0}, 'accuracy': 0.8163793103448276, 'macro avg': {'precision': 0.676014908592955, 'recall': 0.7160416666666668, 'f1-score': 0.6834894821809151, 'support': 2320.0}, 'weighted avg': {'precision': 0.8421368848496674, 'recall': 0.8163793103448276, 'f1-score': 0.8231879480076497, 'support': 2320.0}}",,
A_weather_only_t+12,LSTM,A_weather_only,t+12,0.7780172413793104,0.8469425574294193,0.7780172413793104,0.7974404801362891,0.674031730129935,"[[ 208  192    0]
 [  48  272    0]
 [ 112  163 1325]]","{'Low': {'precision': 0.5652173913043478, 'recall': 0.52, 'f1-score': 0.5416666666666666, 'support': 400.0}, 'Medium': {'precision': 0.43381180223285487, 'recall': 0.85, 'f1-score': 0.5744456177402323, 'support': 320.0}, 'High': {'precision': 1.0, 'recall': 0.828125, 'f1-score': 0.905982905982906, 'support': 1600.0}, 'accuracy': 0.7780172413793104, 'macro avg': {'precision': 0.6663430645124009, 'recall': 0.7327083333333334, 'f1-score': 0.674031730129935, 'support': 2320.0}, 'weighted avg': {'precision': 0.8469425574294193, 'recall': 0.7780172413793104, 'f1-score': 0.7974404801362891, 'support': 2320.0}}",0.8867647051811218,0.8982142806053162
A_weather_only_t+24,LogisticRegression,A_weather_only,t+24,0.778804347826087,0.8299384086207834,0.778804347826087,0.797006125962142,0.6648959150106081,"[[ 211  113   14]
 [  65  146   11]
 [ 112   92 1076]]","{'Low': {'precision': 0.5438144329896907, 'recall': 0.6242603550295858, 'f1-score': 0.581267217630854, 'support': 338.0}, 'Medium': {'precision': 0.41595441595441596, 'recall': 0.6576576576576577, 'f1-score': 0.5095986038394416, 'support': 222.0}, 'High': {'precision': 0.9772933696639419, 'recall': 0.840625, 'f1-score': 0.9038219235615288, 'support': 1280.0}, 'accuracy': 0.778804347826087, 'macro avg': {'precision': 0.6456874062026828, 'recall': 0.7075143375624146, 'f1-score': 0.6648959150106081, 'support': 1840.0}, 'weighted avg': {'precision': 0.8299384086207834, 'recall': 0.778804347826087, 'f1-score': 0.797006125962142, 'support': 1840.0}}",,
A_weather_only_t+24,RandomForest,A_weather_only,t+24,0.7657608695652174,0.8074594435081094,0.7657608695652174,0.7723049016891212,0.6194084433190469,"[[ 102  214   22]
 [  11  203    8]
 [ 129   47 1104]]","{'Low': {'precision': 0.4214876033057851, 'recall': 0.30177514792899407, 'f1-score': 0.35172413793103446, 'support': 338.0}, 'Medium': {'precision': 0.4375, 'recall': 0.9144144144144144, 'f1-score': 0.5918367346938775, 'support': 222.0}, 'High': {'precision': 0.9735449735449735, 'recall': 0.8625, 'f1-score': 0.9146644573322287, 'support': 1280.0}, 'accuracy': 0.7657608695652174, 'macro avg': {'precision': 0.6108441922835862, 'recall': 0.6928965207811362, 'f1-score': 0.6194084433190469, 'support': 1840.0}, 'weighted avg': {'precision': 0.8074594435081094, 'recall': 0.7657608695652174, 'f1-score': 0.7723049016891212, 'support': 1840.0}}",,
A_weather_only_t+24,XGBoost,A_weather_only,t+24,0.7951086956521739,0.8316267875788915,0.7951086956521739,0.7998806390699288,0.648744104548861,"[[ 120  188   30]
 [  30  192    0]
 [  68   61 1151]]","{'Low': {'precision': 0.5504587155963303, 'recall': 0.35502958579881655, 'f1-score': 0.4316546762589928, 'support': 338.0}, 'Medium': {'precision': 0.43537414965986393, 'recall': 0.8648648648648649, 'f1-score': 0.579185520361991, 'support': 222.0}, 'High': {'precision': 0.9745977984758679, 'recall': 0.89921875, 'f1-score': 0.9353921170255993, 'support': 1280.0}, 'accuracy': 0.7951086956521739, 'macro avg': {'precision': 0.6534768879106875, 'recall': 0.7063710668878939, 'f1-score': 0.648744104548861, 'support': 1840.0}, 'weighted avg': {'precision': 0.8316267875788915, 'recall': 0.7951086956521739, 'f1-score': 0.7998806390699288, 'support': 1840.0}}",,
A_weather_only_t+24,LSTM,A_weather_only,t+24,0.75,0.8070701234693907,0.75,0.7680455723480948,0.6023828616895925,"[[ 124  206    8]
 [  49  165    8]
 [ 130   59 1091]]","{'Low': {'precision': 0.40924092409240925, 'recall': 0.3668639053254438, 'f1-score': 0.3868954758190328, 'support': 338.0}, 'Medium': {'precision': 0.38372093023255816, 'recall': 0.7432432432432432, 'f1-score': 0.5061349693251533, 'support': 222.0}, 'High': {'precision': 0.985546522131888, 'recall': 0.85234375, 'f1-score': 0.9141181399245916, 'support': 1280.0}, 'accuracy': 0.75, 'macro avg': {'precision': 0.5928361254856185, 'recall': 0.6541502995228956, 'f1-score': 0.6023828616895925, 'support': 1840.0}, 'weighted avg': {'precision': 0.8070701234693907, 'recall': 0.75, 'f1-score': 0.7680455723480948, 'support': 1840.0}}",0.9384328126907349,0.9657959938049316
B_weather_temporal_t+6,LogisticRegression,B_weather_temporal,t+6,0.87890625,0.9067869208494208,0.87890625,0.8883163162879182,0.8134833728716077,"[[ 404   76    0]
 [  76  284    0]
 [   0  158 1562]]","{'Low': {'precision': 0.8416666666666667, 'recall': 0.8416666666666667, 'f1-score': 0.8416666666666667, 'support': 480.0}, 'Medium': {'precision': 0.5482625482625483, 'recall': 0.7888888888888889, 'f1-score': 0.6469248291571754, 'support': 360.0}, 'High': {'precision': 1.0, 'recall': 0.9081395348837209, 'f1-score': 0.9518586227909811, 'support': 1720.0}, 'accuracy': 0.87890625, 'macro avg': {'precision': 0.7966430716430716, 'recall': 0.8462316968130921, 'f1-score': 0.8134833728716077, 'support': 2560.0}, 'weighted avg': {'precision': 0.9067869208494208, 'recall': 0.87890625, 'f1-score': 0.8883163162879182, 'support': 2560.0}}",,
B_weather_temporal_t+6,RandomForest,B_weather_temporal,t+6,0.916015625,0.9249442011330491,0.916015625,0.9167963614427471,0.8324250209996515,"[[ 327  153    0]
 [  54  306    0]
 [   0    8 1712]]","{'Low': {'precision': 0.8582677165354331, 'recall': 0.68125, 'f1-score': 0.759581881533101, 'support': 480.0}, 'Medium': {'precision': 0.6552462526766595, 'recall': 0.85, 'f1-score': 0.7400241837968561, 'support': 360.0}, 'High': {'precision': 1.0, 'recall': 0.9953488372093023, 'f1-score': 0.9976689976689976, 'support': 1720.0}, 'accuracy': 0.916015625, 'macro avg': {'precision': 0.8378379897373641, 'recall': 0.8421996124031007, 'f1-score': 0.8324250209996515, 'support': 2560.0}, 'weighted avg': {'precision': 0.9249442011330491, 'recall': 0.916015625, 'f1-score': 0.9167963614427471, 'support': 2560.0}}",,
B_weather_temporal_t+6,XGBoost,B_weather_temporal,t+6,0.91796875,0.9265179125310172,0.91796875,0.9181194503980403,0.8332993127849221,"[[ 321  159    0]
 [  51  309    0]
 [   0    0 1720]]","{'Low': {'precision': 0.8629032258064516, 'recall': 0.66875, 'f1-score': 0.7535211267605634, 'support': 480.0}, 'Medium': {'precision': 0.6602564102564102, 'recall': 0.8583333333333333, 'f1-score': 0.7463768115942029, 'support': 360.0}, 'High': {'precision': 1.0, 'recall': 1.0, 'f1-score': 1.0, 'support': 1720.0}, 'accuracy': 0.91796875, 'macro avg': {'precision': 0.8410532120209538, 'recall': 0.842361111111111, 'f1-score': 0.8332993127849221, 'support': 2560.0}, 'weighted avg': {'precision': 0.9265179125310172, 'recall': 0.91796875, 'f1-score': 0.9181194503980403, 'support': 2560.0}}",,
B_weather_temporal_t+6,LSTM,B_weather_temporal,t+6,0.8625,0.8927085635089818,0.8625,0.8727110681461907,0.7740530761648792,"[[ 342  138    0]
 [  87  273    0]
 [   0  127 1593]]","{'Low': {'precision': 0.7972027972027972, 'recall': 0.7125, 'f1-score': 0.7524752475247525, 'support': 480.0}, 'Medium': {'precision': 0.5074349442379182, 'recall': 0.7583333333333333, 'f1-score': 0.6080178173719376, 'support': 360.0}, 'High': {'precision': 1.0, 'recall': 0.9261627906976744, 'f1-score': 0.9616661635979474, 'support': 1720.0}, 'accuracy': 0.8625, 'macro avg': {'precision': 0.7682125804802385, 'recall': 0.7989987080103358, 'f1-score': 0.7740530761648792, 'support': 2560.0}, 'weighted avg': {'precision': 0.8927085635089818, 'recall': 0.8625, 'f1-score': 0.8727110681461907, 'support': 2560.0}}",0.9894076585769653,0.9900932312011719
B_weather_temporal_t+12,LogisticRegression,B_weather_temporal,t+12,0.8991379310344828,0.9089535134053708,0.8991379310344828,0.9013551463421169,0.8166061234520446,"[[ 385   15    0]
 [ 120  200    0]
 [   0   99 1501]]","{'Low': {'precision': 0.7623762376237624, 'recall': 0.9625, 'f1-score': 0.850828729281768, 'support': 400.0}, 'Medium': {'precision': 0.6369426751592356, 'recall': 0.625, 'f1-score': 0.6309148264984227, 'support': 320.0}, 'High': {'precision': 1.0, 'recall': 0.938125, 'f1-score': 0.9680748145759432, 'support': 1600.0}, 'accuracy': 0.8991379310344828, 'macro avg': {'precision': 0.7997729709276661, 'recall': 0.8418749999999999, 'f1-score': 0.8166061234520446, 'support': 2320.0}, 'weighted avg': {'precision': 0.9089535134053708, 'recall': 0.8991379310344828, 'f1-score': 0.9013551463421169, 'support': 2320.0}}",,
B_weather_temporal_t+12,RandomForest,B_weather_temporal,t+12,0.9323275862068966,0.9356578761725132,0.9323275862068966,0.9336722835473074,0.8683468137251741,"[[ 356   44    0]
 [  73  247    0]
 [   0   40 1560]]","{'Low': {'precision': 0.8298368298368298, 'recall': 0.89, 'f1-score': 0.8588661037394452, 'support': 400.0}, 'Medium': {'precision': 0.7462235649546828, 'recall': 0.771875, 'f1-score': 0.7588325652841782, 'support': 320.0}, 'High': {'precision': 1.0, 'recall': 0.975, 'f1-score': 0.9873417721518988, 'support': 1600.0}, 'accuracy': 0.9323275862068966, 'macro avg': {'precision': 0.8586867982638374, 'recall': 0.8789583333333333, 'f1-score': 0.8683468137251741, 'support': 2320.0}, 'weighted avg': {'precision': 0.9356578761725132, 'recall': 0.9323275862068966, 'f1-score': 0.9336722835473074, 'support': 2320.0}}",,
B_weather_temporal_t+12,XGBoost,B_weather_temporal,t+12,0.9297413793103448,0.9328157913164487,0.9297413793103448,0.9306065608398434,0.8612214791760908,"[[ 364   36    0]
 [  87  233    0]
 [   0   40 1560]]","{'Low': {'precision': 0.8070953436807096, 'recall': 0.91, 'f1-score': 0.8554641598119859, 'support': 400.0}, 'Medium': {'precision': 0.7540453074433657, 'recall': 0.728125, 'f1-score': 0.7408585055643879, 'support': 320.0}, 'High': {'precision': 1.0, 'recall': 0.975, 'f1-score': 0.9873417721518988, 'support': 1600.0}, 'accuracy': 0.9297413793103448, 'macro avg': {'precision': 0.8537135503746919, 'recall': 0.8710416666666667, 'f1-score': 0.8612214791760908, 'support': 2320.0}, 'weighted avg': {'precision': 0.9328157913164487, 'recall': 0.9297413793103448, 'f1-score': 0.9306065608398434, 'support': 2320.0}}",,
B_weather_temporal_t+12,LSTM,B_weather_temporal,t+12,0.8922413793103449,0.908139654051492,0.8922413793103449,0.8980912577727228,0.8157053721035595,"[[ 353   47    0]
 [  91  229    0]
 [   0  112 1488]]","{'Low': {'precision': 0.795045045045045, 'recall': 0.8825, 'f1-score': 0.8364928909952607, 'support': 400.0}, 'Medium': {'precision': 0.5902061855670103, 'recall': 0.715625, 'f1-score': 0.6468926553672316, 'support': 320.0}, 'High': {'precision': 1.0, 'recall': 0.93, 'f1-score': 0.9637305699481865, 'support': 1600.0}, 'accuracy': 0.8922413793103449, 'macro avg': {'precision': 0.7950837435373518, 'recall': 0.8427083333333334, 'f1-score': 0.8157053721035595, 'support': 2320.0}, 'weighted avg': {'precision': 0.908139654051492, 'recall': 0.8922413793103449, 'f1-score': 0.8980912577727228, 'support': 2320.0}}",0.979306697845459,0.9869047403335571
B_weather_temporal_t+24,LogisticRegression,B_weather_temporal,t+24,0.8641304347826086,0.9063472638680661,0.8641304347826086,0.8765139467606698,0.7993782195151615,"[[ 338    0    0]
 [  62  160    0]
 [   0  188 1092]]","{'Low': {'precision': 0.845, 'recall': 1.0, 'f1-score': 0.9159891598915989, 'support': 338.0}, 'Medium': {'precision': 0.45977011494252873, 'recall': 0.7207207207207207, 'f1-score': 0.5614035087719298, 'support': 222.0}, 'High': {'precision': 1.0, 'recall': 0.853125, 'f1-score': 0.9207419898819561, 'support': 1280.0}, 'accuracy': 0.8641304347826086, 'macro avg': {'precision': 0.768256704980843, 'recall': 0.8579485735735736, 'f1-score': 0.7993782195151615, 'support': 1840.0}, 'weighted avg': {'precision': 0.9063472638680661, 'recall': 0.8641304347826086, 'f1-score': 0.8765139467606698, 'support': 1840.0}}",,
B_weather_temporal_t+24,RandomForest,B_weather_temporal,t+24,0.9505434782608696,0.9507887677904084,0.9505434782608696,0.949708960237845,0.8834130064504911,"[[ 309   29    0]
 [  62  160    0]
 [   0    0 1280]]","{'Low': {'precision': 0.8328840970350404, 'recall': 0.9142011834319527, 'f1-score': 0.8716502115655853, 'support': 338.0}, 'Medium': {'precision': 0.8465608465608465, 'recall': 0.7207207207207207, 'f1-score': 0.7785888077858881, 'support': 222.0}, 'High': {'precision': 1.0, 'recall': 1.0, 'f1-score': 1.0, 'support': 1280.0}, 'accuracy': 0.9505434782608696, 'macro avg': {'precision': 0.8931483145319623, 'recall': 0.8783073013842245, 'f1-score': 0.8834130064504911, 'support': 1840.0}, 'weighted avg': {'precision': 0.9507887677904084, 'recall': 0.9505434782608696, 'f1-score': 0.949708960237845, 'support': 1840.0}}",,
B_weather_temporal_t+24,XGBoost,B_weather_temporal,t+24,0.9586956521739131,0.9607868345619937,0.9586956521739131,0.9575615632665836,0.9010361441300668,"[[ 324   14    0]
 [  62  160    0]
 [   0    0 1280]]","{'Low': {'precision': 0.8393782383419689, 'recall': 0.9585798816568047, 'f1-score': 0.8950276243093923, 'support': 338.0}, 'Medium': {'precision': 0.9195402298850575, 'recall': 0.7207207207207207, 'f1-score': 0.8080808080808081, 'support': 222.0}, 'High': {'precision': 1.0, 'recall': 1.0, 'f1-score': 1.0, 'support': 1280.0}, 'accuracy': 0.9586956521739131, 'macro avg': {'precision': 0.9196394894090089, 'recall': 0.8931002007925084, 'f1-score': 0.9010361441300668, 'support': 1840.0}, 'weighted avg': {'precision': 0.9607868345619937, 'recall': 0.9586956521739131, 'f1-score': 0.9575615632665836, 'support': 1840.0}}",,
B_weather_temporal_t+24,LSTM,B_weather_temporal,t+24,0.9293478260869565,0.9321759044979331,0.9293478260869565,0.9298359266508393,0.8584779717553807,"[[ 324   14    0]
 [  62  153    7]
 [   0   47 1233]]","{'Low': {'precision': 0.8393782383419689, 'recall': 0.9585798816568047, 'f1-score': 0.8950276243093923, 'support': 338.0}, 'Medium': {'precision': 0.7149532710280374, 'recall': 0.6891891891891891, 'f1-score': 0.7018348623853211, 'support': 222.0}, 'High': {'precision': 0.9943548387096774, 'recall': 0.96328125, 'f1-score': 0.9785714285714285, 'support': 1280.0}, 'accuracy': 0.9293478260869565, 'macro avg': {'precision': 0.8495621160265613, 'recall': 0.8703501069486647, 'f1-score': 0.8584779717553807, 'support': 1840.0}, 'weighted avg': {'precision': 0.9321759044979331, 'recall': 0.9293478260869565, 'f1-score': 0.9298359266508393, 'support': 1840.0}}",0.9838674068450928,0.9906716346740723
C_full_t+6,LogisticRegression,C_full,t+6,0.9125,0.917220222513089,0.9125,0.9145474314353571,0.8348552425800939,"[[ 404   76    0]
 [ 101  259    0]
 [   0   47 1673]]","{'Low': {'precision': 0.8, 'recall': 0.8416666666666667, 'f1-score': 0.8203045685279188, 'support': 480.0}, 'Medium': {'precision': 0.6780104712041884, 'recall': 0.7194444444444444, 'f1-score': 0.6981132075471698, 'support': 360.0}, 'High': {'precision': 1.0, 'recall': 0.9726744186046512, 'f1-score': 0.9861479516651931, 'support': 1720.0}, 'accuracy': 0.9125, 'macro avg': {'precision': 0.8260034904013961, 'recall': 0.8445951765719207, 'f1-score': 0.8348552425800939, 'support': 2560.0}, 'weighted avg': {'precision': 0.917220222513089, 'recall': 0.9125, 'f1-score': 0.9145474314353571, 'support': 2560.0}}",,
C_full_t+6,RandomForest,C_full,t+6,0.94609375,0.9459551467318809,0.94609375,0.9459466853488141,0.8876162665565323,"[[ 418   62    0]
 [  76  284    0]
 [   0    0 1720]]","{'Low': {'precision': 0.8461538461538461, 'recall': 0.8708333333333333, 'f1-score': 0.8583162217659137, 'support': 480.0}, 'Medium': {'precision': 0.8208092485549133, 'recall': 0.7888888888888889, 'f1-score': 0.8045325779036827, 'support': 360.0}, 'High': {'precision': 1.0, 'recall': 1.0, 'f1-score': 1.0, 'support': 1720.0}, 'accuracy': 0.94609375, 'macro avg': {'precision': 0.8889876982362531, 'recall': 0.8865740740740741, 'f1-score': 0.8876162665565323, 'support': 2560.0}, 'weighted avg': {'precision': 0.9459551467318809, 'recall': 0.94609375, 'f1-score': 0.9459466853488141, 'support': 2560.0}}",,
C_full_t+6,XGBoost,C_full,t+6,0.9390625,0.9390225129812929,0.9390625,0.9390409734246781,0.8735225476172551,"[[ 403   77    0]
 [  79  281    0]
 [   0    0 1720]]","{'Low': {'precision': 0.8360995850622407, 'recall': 0.8395833333333333, 'f1-score': 0.8378378378378378, 'support': 480.0}, 'Medium': {'precision': 0.7849162011173184, 'recall': 0.7805555555555556, 'f1-score': 0.7827298050139275, 'support': 360.0}, 'High': {'precision': 1.0, 'recall': 1.0, 'f1-score': 1.0, 'support': 1720.0}, 'accuracy': 0.9390625, 'macro avg': {'precision': 0.8736719287265197, 'recall': 0.8733796296296297, 'f1-score': 0.8735225476172551, 'support': 2560.0}, 'weighted avg': {'precision': 0.9390225129812929, 'recall': 0.9390625, 'f1-score': 0.9390409734246781, 'support': 2560.0}}",,
C_full_t+6,LSTM,C_full,t+6,0.916015625,0.9174782319920209,0.916015625,0.9161262339209832,0.8379867182427732,"[[ 425   55    0]
 [ 109  240   11]
 [   0   40 1680]]","{'Low': {'precision': 0.795880149812734, 'recall': 0.8854166666666666, 'f1-score': 0.8382642998027613, 'support': 480.0}, 'Medium': {'precision': 0.7164179104477612, 'recall': 0.6666666666666666, 'f1-score': 0.6906474820143885, 'support': 360.0}, 'High': {'precision': 0.9934949733885275, 'recall': 0.9767441860465116, 'f1-score': 0.9850483729111698, 'support': 1720.0}, 'accuracy': 0.916015625, 'macro avg': {'precision': 0.8352643445496742, 'recall': 0.8429425064599482, 'f1-score': 0.8379867182427732, 'support': 2560.0}, 'weighted avg': {'precision': 0.9174782319920209, 'recall': 0.916015625, 'f1-score': 0.9161262339209832, 'support': 2560.0}}",0.9892019629478455,0.9912587404251099
C_full_t+12,LogisticRegression,C_full,t+12,0.930603448275862,0.935564940096814,0.930603448275862,0.9290469803230337,0.8518832168681376,"[[ 385   15    0]
 [ 120  200    0]
 [   0   26 1574]]","{'Low': {'precision': 0.7623762376237624, 'recall': 0.9625, 'f1-score': 0.850828729281768, 'support': 400.0}, 'Medium': {'precision': 0.8298755186721992, 'recall': 0.625, 'f1-score': 0.7130124777183601, 'support': 320.0}, 'High': {'precision': 1.0, 'recall': 0.98375, 'f1-score': 0.9918084436042848, 'support': 1600.0}, 'accuracy': 0.930603448275862, 'macro avg': {'precision': 0.8640839187653205, 'recall': 0.8570833333333333, 'f1-score': 0.8518832168681376, 'support': 2320.0}, 'weighted avg': {'precision': 0.935564940096814, 'recall': 0.930603448275862, 'f1-score': 0.9290469803230337, 'support': 2320.0}}",,
C_full_t+12,RandomForest,C_full,t+12,0.9594827586206897,0.964727011494253,0.9594827586206897,0.9584303627407076,0.9084415584415585,"[[ 393    7    0]
 [  87  233    0]
 [   0    0 1600]]","{'Low': {'precision': 0.81875, 'recall': 0.9825, 'f1-score': 0.8931818181818182, 'support': 400.0}, 'Medium': {'precision': 0.9708333333333333, 'recall': 0.728125, 'f1-score': 0.8321428571428572, 'support': 320.0}, 'High': {'precision': 1.0, 'recall': 1.0, 'f1-score': 1.0, 'support': 1600.0}, 'accuracy': 0.9594827586206897, 'macro avg': {'precision': 0.9298611111111111, 'recall': 0.9035416666666668, 'f1-score': 0.9084415584415585, 'support': 2320.0}, 'weighted avg': {'precision': 0.964727011494253, 'recall': 0.9594827586206897, 'f1-score': 0.9584303627407076, 'support': 2320.0}}",,
C_full_t+12,XGBoost,C_full,t+12,0.9482758620689655,0.9520666378479035,0.9482758620689655,0.9470346435642568,0.8834159137277761,"[[ 378   22    0]
 [  98  222    0]
 [   0    0 1600]]","{'Low': {'precision': 0.7941176470588235, 'recall': 0.945, 'f1-score': 0.863013698630137, 'support': 400.0}, 'Medium': {'precision': 0.9098360655737705, 'recall': 0.69375, 'f1-score': 0.7872340425531915, 'support': 320.0}, 'High': {'precision': 1.0, 'recall': 1.0, 'f1-score': 1.0, 'support': 1600.0}, 'accuracy': 0.9482758620689655, 'macro avg': {'precision': 0.9013179042108647, 'recall': 0.8795833333333333, 'f1-score': 0.8834159137277761, 'support': 2320.0}, 'weighted avg': {'precision': 0.9520666378479035, 'recall': 0.9482758620689655, 'f1-score': 0.9470346435642568, 'support': 2320.0}}",,
C_full_t+12,LSTM,C_full,t+12,0.9310344827586207,0.9372236958443856,0.9310344827586207,0.9293725650737019,0.8570642346096391,"[[ 400    0    0]
 [ 120  200    0]
 [   0   40 1560]]","{'Low': {'precision': 0.7692307692307693, 'recall': 1.0, 'f1-score': 0.8695652173913043, 'support': 400.0}, 'Medium': {'precision': 0.8333333333333334, 'recall': 0.625, 'f1-score': 0.7142857142857143, 'support': 320.0}, 'High': {'precision': 1.0, 'recall': 0.975, 'f1-score': 0.9873417721518988, 'support': 1600.0}, 'accuracy': 0.9310344827586207, 'macro avg': {'precision': 0.8675213675213675, 'recall': 0.8666666666666667, 'f1-score': 0.8570642346096391, 'support': 2320.0}, 'weighted avg': {'precision': 0.9372236958443856, 'recall': 0.9310344827586207, 'f1-score': 0.9293725650737019, 'support': 2320.0}}",0.9824579954147339,0.9845238327980042
C_full_t+24,LogisticRegression,C_full,t+24,0.9608695652173913,0.9613458471172023,0.9608695652173913,0.9602831790164778,0.908034651229626,"[[ 317   21    0]
 [  51  171    0]
 [   0    0 1280]]","{'Low': {'precision': 0.8614130434782609, 'recall': 0.9378698224852071, 'f1-score': 0.8980169971671388, 'support': 338.0}, 'Medium': {'precision': 0.890625, 'recall': 0.7702702702702703, 'f1-score': 0.8260869565217391, 'support': 222.0}, 'High': {'precision': 1.0, 'recall': 1.0, 'f1-score': 1.0, 'support': 1280.0}, 'accuracy': 0.9608695652173913, 'macro avg': {'precision': 0.9173460144927535, 'recall': 0.9027133642518258, 'f1-score': 0.908034651229626, 'support': 1840.0}, 'weighted avg': {'precision': 0.9613458471172023, 'recall': 0.9608695652173913, 'f1-score': 0.9602831790164778, 'support': 1840.0}}",,
C_full_t+24,RandomForest,C_full,t+24,0.966304347826087,0.9715271739130436,0.966304347826087,0.9649852839297799,0.9178951649900443,"[[ 338    0    0]
 [  62  160    0]
 [   0    0 1280]]","{'Low': {'precision': 0.845, 'recall': 1.0, 'f1-score': 0.9159891598915989, 'support': 338.0}, 'Medium': {'precision': 1.0, 'recall': 0.7207207207207207, 'f1-score': 0.837696335078534, 'support': 222.0}, 'High': {'precision': 1.0, 'recall': 1.0, 'f1-score': 1.0, 'support': 1280.0}, 'accuracy': 0.966304347826087, 'macro avg': {'precision': 0.9483333333333333, 'recall': 0.9069069069069068, 'f1-score': 0.9178951649900443, 'support': 1840.0}, 'weighted avg': {'precision': 0.9715271739130436, 'recall': 0.966304347826087, 'f1-score': 0.9649852839297799, 'support': 1840.0}}",,
C_full_t+24,XGBoost,C_full,t+24,0.9581521739130435,0.9600762281197064,0.9581521739130435,0.9570352346428874,0.8998482161624818,"[[ 323   15    0]
 [  62  160    0]
 [   0    0 1280]]","{'Low': {'precision': 0.8389610389610389, 'recall': 0.9556213017751479, 'f1-score': 0.8934993084370678, 'support': 338.0}, 'Medium': {'precision': 0.9142857142857143, 'recall': 0.7207207207207207, 'f1-score': 0.8060453400503779, 'support': 222.0}, 'High': {'precision': 1.0, 'recall': 1.0, 'f1-score': 1.0, 'support': 1280.0}, 'accuracy': 0.9581521739130435, 'macro avg': {'precision': 0.9177489177489178, 'recall': 0.8921140074986229, 'f1-score': 0.8998482161624818, 'support': 1840.0}, 'weighted avg': {'precision': 0.9600762281197064, 'recall': 0.9581521739130435, 'f1-score': 0.9570352346428874, 'support': 1840.0}}",,
C_full_t+24,LSTM,C_full,t+24,0.966304347826087,0.9715271739130436,0.966304347826087,0.9649852839297799,0.9178951649900443,"[[ 338    0    0]
 [  62  160    0]
 [   0    0 1280]]","{'Low': {'precision': 0.845, 'recall': 1.0, 'f1-score': 0.9159891598915989, 'support': 338.0}, 'Medium': {'precision': 1.0, 'recall': 0.7207207207207207, 'f1-score': 0.837696335078534, 'support': 222.0}, 'High': {'precision': 1.0, 'recall': 1.0, 'f1-score': 1.0, 'support': 1280.0}, 'accuracy': 0.966304347826087, 'macro avg': {'precision': 0.9483333333333333, 'recall': 0.9069069069069068, 'f1-score': 0.9178951649900443, 'support': 1840.0}, 'weighted avg': {'precision': 0.9715271739130436, 'recall': 0.966304347826087, 'f1-score': 0.9649852839297799, 'support': 1840.0}}",0.987159788608551,0.9900497794151306
C_full_t+6_geo,LogisticRegression,C_full,t+6,0.9591412742382271,0.960450412362022,0.9591412742382271,0.9596452642642006,0.9316141153879395,"[[ 547   25    0]
 [  42  382    8]
 [   0   43 1841]]","{'Low': {'precision': 0.9286926994906621, 'recall': 0.9562937062937062, 'f1-score': 0.94229112833764, 'support': 572.0}, 'Medium': {'precision': 0.8488888888888889, 'recall': 0.8842592592592593, 'f1-score': 0.8662131519274376, 'support': 432.0}, 'High': {'precision': 0.9956733369388859, 'recall': 0.977176220806794, 'f1-score': 0.986338065898741, 'support': 1884.0}, 'accuracy': 0.9591412742382271, 'macro avg': {'precision': 0.9244183084394789, 'recall': 0.9392430621199198, 'f1-score': 0.9316141153879395, 'support': 2888.0}, 'weighted avg': {'precision': 0.960450412362022, 'recall': 0.9591412742382271, 'f1-score': 0.9596452642642006, 'support': 2888.0}}",,
C_full_t+6_geo,RandomForest,C_full,t+6,1.0,1.0,1.0,1.0,1.0,"[[ 572    0    0]
 [   0  432    0]
 [   0    0 1884]]","{'Low': {'precision': 1.0, 'recall': 1.0, 'f1-score': 1.0, 'support': 572.0}, 'Medium': {'precision': 1.0, 'recall': 1.0, 'f1-score': 1.0, 'support': 432.0}, 'High': {'precision': 1.0, 'recall': 1.0, 'f1-score': 1.0, 'support': 1884.0}, 'accuracy': 1.0, 'macro avg': {'precision': 1.0, 'recall': 1.0, 'f1-score': 1.0, 'support': 2888.0}, 'weighted avg': {'precision': 1.0, 'recall': 1.0, 'f1-score': 1.0, 'support': 2888.0}}",,
C_full_t+6_geo,XGBoost,C_full,t+6,1.0,1.0,1.0,1.0,1.0,"[[ 572    0    0]
 [   0  432    0]
 [   0    0 1884]]","{'Low': {'precision': 1.0, 'recall': 1.0, 'f1-score': 1.0, 'support': 572.0}, 'Medium': {'precision': 1.0, 'recall': 1.0, 'f1-score': 1.0, 'support': 432.0}, 'High': {'precision': 1.0, 'recall': 1.0, 'f1-score': 1.0, 'support': 1884.0}, 'accuracy': 1.0, 'macro avg': {'precision': 1.0, 'recall': 1.0, 'f1-score': 1.0, 'support': 2888.0}, 'weighted avg': {'precision': 1.0, 'recall': 1.0, 'f1-score': 1.0, 'support': 2888.0}}",,
C_full_t+6_geo,LSTM,C_full,t+6,0.9941135734072022,0.9943364447926756,0.9941135734072022,0.9941528435683801,0.9900080654886777,"[[ 562   10    0]
 [   0  432    0]
 [   0    7 1877]]","{'Low': {'precision': 1.0, 'recall': 0.9825174825174825, 'f1-score': 0.9911816578483245, 'support': 572.0}, 'Medium': {'precision': 0.9621380846325167, 'recall': 1.0, 'f1-score': 0.9807037457434733, 'support': 432.0}, 'High': {'precision': 1.0, 'recall': 0.9962845010615711, 'f1-score': 0.9981387928742356, 'support': 1884.0}, 'accuracy': 0.9941135734072022, 'macro avg': {'precision': 0.9873793615441722, 'recall': 0.9929339945263512, 'f1-score': 0.9900080654886777, 'support': 2888.0}, 'weighted avg': {'precision': 0.9943364447926756, 'recall': 0.9941135734072022, 'f1-score': 0.9941528435683801, 'support': 2888.0}}",0.9884917140007019,0.9907674789428711
