division,district,upazila
Barisal,Barguna,Amtali
Barisal,Barguna,Bamna
Barisal,Barguna,Barguna Sadar
Barisal,Barguna,Betagi
Barisal,Barguna,Patharghata
Barisal,Barisal,Agailjhara
Barisal,Barisal,Babuganj
Barisal,Barisal,Bakerganj
Barisal,Barisal,Banari Para
Barisal,Barisal,Barisal Sadar (Kotwali)
Barisal,Barisal,Gaurnadi
Barisal,Barisal,Hizla
Barisal,Barisal,Mehendiganj
Barisal,Barisal,Muladi
Barisal,Barisal,Wazirpur
Barisal,Bhola,Bhola Sadar
Barisal,Bhola,Burhanuddin
Barisal,Bhola,Char Fasson
Barisal,Bhola,Daulatkhan
Barisal,Bhola,Lalmohan
Barisal,Bhola,Manpura
Barisal,Bhola,Tazumuddin
Barisal,Jhalokati,Jhalokati Sadar
Barisal,Jhalokati,Kanthalia
Barisal,Jhalokati,Nalchity
Barisal,Jhalokati,Rajapur
Barisal,Patuakhali,Bauphal
Barisal,Patuakhali,Dashmina
Barisal,Patuakhali,Dumki
Barisal,Patuakhali,Galachipa
Barisal,Patuakhali,Kala Para
Barisal,Patuakhali,Mirzaganj
Barisal,Patuakhali,Patuakhali Sadar
Barisal,Pirojpur,Bhandaria
Barisal,Pirojpur,Kawkhali
Barisal,Pirojpur,Mathbaria
Barisal,Pirojpur,Nazirpur
Barisal,Pirojpur,Nesarabad (Swarupkati)
Barisal,Pirojpur,Pirojpur Sadar
Barisal,Pirojpur,Zianagar
Chittagong,Bandarban,Alikadam
Chittagong,Bandarban,Bandarban Sadar
Chittagong,Bandarban,Lama
Chittagong,Bandarban,Naikhongchhari
Chittagong,Bandarban,Rowangchhari
Chittagong,Bandarban,Ruma
Chittagong,Bandarban,Thanchi
Chittagong,Brahamanbaria,Akhaura
Chittagong,Brahamanbaria,Ashuganj
Chittagong,Brahamanbaria,Banchharampur
Chittagong,Brahamanbaria,Bijoynagar
Chittagong,Brahamanbaria,Brahmanbaria Sadar
Chittagong,Brahamanbaria,Kasba
Chittagong,Brahamanbaria,Nabinagar
Chittagong,Brahamanbaria,Nasirnagar
Chittagong,Brahamanbaria,Sarail
Chittagong,Chandpur,Chandpur Sadar
Chittagong,Chandpur,Faridganj
Chittagong,Chandpur,Haim Char
Chittagong,Chandpur,Hajiganj
Chittagong,Chandpur,Kachua
Chittagong,Chandpur,Matlab Dakshin
Chittagong,Chandpur,Matlab Uttar
Chittagong,Chandpur,Shahrasti
Chittagong,Chittagong,Anowara
Chittagong,Chittagong,Banshkhali
Chittagong,Chittagong,Boalkhali
Chittagong,Chittagong,Chandanaish
Chittagong,Chittagong,Chittagong Sadar
Chittagong,Chittagong,Fatikchhari
Chittagong,Chittagong,Halishahar
Chittagong,Chittagong,Hathazari
Chittagong,Chittagong,Lohagara
Chittagong,Chittagong,Mirsharai
Chittagong,Chittagong,Patenga
Chittagong,Chittagong,Patiya
Chittagong,Chittagong,Rangunia
Chittagong,Chittagong,Raozan
Chittagong,Chittagong,Sandwip
Chittagong,Chittagong,Satkania
Chittagong,Chittagong,Sitakunda
Chittagong,Comilla,Barura
Chittagong,Comilla,Brahman Para
Chittagong,Comilla,Burichang
Chittagong,Comilla,Chandina
Chittagong,Comilla,Chauddagram
Chittagong,Comilla,Comilla Adarsha Sadar
Chittagong,Comilla,Comilla Sadar Dakshin
Chittagong,Comilla,Daudkandi
Chittagong,Comilla,Debidwar
Chittagong,Comilla,Homna
Chittagong,Comilla,Laksam
Chittagong,Comilla,Manoharganj
Chittagong,Comilla,Meghna
Chittagong,Comilla,Muradnagar
Chittagong,Comilla,Nangalkot
Chittagong,Comilla,Titas
Chittagong,Cox's Bazar,Chakaria
Chittagong,Cox's Bazar,Cox's Bazar Sadar
Chittagong,Cox's Bazar,Kutubdia
Chittagong,Cox's Bazar,Maheshkhali
Chittagong,Cox's Bazar,Pekua
Chittagong,Cox's Bazar,Ramu
Chittagong,Cox's Bazar,Teknaf
Chittagong,Cox's Bazar,Ukhia
Chittagong,Feni,Chhagalnaiya
Chittagong,Feni,Daganbhuiyan
Chittagong,Feni,Feni Sadar
Chittagong,Feni,Fulgazi
Chittagong,Feni,Parshuram
Chittagong,Feni,Sonagazi
Chittagong,Khagrachhari,Dighinala
Chittagong,Khagrachhari,Khagrachhari Sadar
Chittagong,Khagrachhari,Lakshmichhari
Chittagong,Khagrachhari,Mahalchhari
Chittagong,Khagrachhari,Manikchhari
Chittagong,Khagrachhari,Matiranga
Chittagong,Khagrachhari,Panchhari
Chittagong,Khagrachhari,Ramgarh
Chittagong,Lakshmipur,Kamalnagar
Chittagong,Lakshmipur,Lakshmipur Sadar
Chittagong,Lakshmipur,Ramganj
Chittagong,Lakshmipur,Ramgati
Chittagong,Lakshmipur,Roypur
Chittagong,Noakhali,Begumganj
Chittagong,Noakhali,Chatkhil
Chittagong,Noakhali,Companiganj
Chittagong,Noakhali,Hatiya
Chittagong,Noakhali,Kabirhat
Chittagong,Noakhali,Noakhali Sadar (Sudharam)
Chittagong,Noakhali,Senbagh
Chittagong,Noakhali,Sonaimuri
Chittagong,Noakhali,Subarnachar
Chittagong,Rangamati,Baghai Chhari
Chittagong,Rangamati,Barkal
Chittagong,Rangamati,Belai Chhari
Chittagong,Rangamati,Jurai Chhari
Chittagong,Rangamati,Kaptai
Chittagong,Rangamati,Kawkhali (Betbunia)
Chittagong,Rangamati,Langadu
Chittagong,Rangamati,Naniarchar
Chittagong,Rangamati,Rajasthali
Chittagong,Rangamati,Rangamati Sadar
Dhaka,Dhaka,Dhaka Sadar
Dhaka,Dhaka,Dhamrai
Dhaka,Dhaka,Dohar
Dhaka,Dhaka,Keraniganj
Dhaka,Faridpur,Alfadanga
Dhaka,Faridpur,Bhanga
Dhaka,Faridpur,Boalmari
Dhaka,Faridpur,Char Bhadrasan
Dhaka,Faridpur,Faridpur Sadar
Dhaka,Faridpur,Madhukhali
Dhaka,Faridpur,Nagarkanda
Dhaka,Faridpur,Sadarpur
Dhaka,Faridpur,Saltha
Dhaka,Gazipur,Gazipur Sadar
Dhaka,Gazipur,Kaliakair
Dhaka,Gazipur,Kaliganj
Dhaka,Gazipur,Kapasia
Dhaka,Gazipur,Sreepur
Dhaka,Gopalganj,Gopalganj Sadar
Dhaka,Gopalganj,Kashiani
Dhaka,Gopalganj,Kotali Para
Dhaka,Gopalganj,Muksudpur
Dhaka,Gopalganj,Tungi Para
Dhaka,Kishoreganj,Austagram
Dhaka,Kishoreganj,Bajitpur
Dhaka,Kishoreganj,Bhairab
Dhaka,Kishoreganj,Hossainpur
Dhaka,Kishoreganj,Itna
Dhaka,Kishoreganj,Karimganj
Dhaka,Kishoreganj,Katiadi
Dhaka,Kishoreganj,Kishoreganj Sadar
Dhaka,Kishoreganj,Kuliar Char
Dhaka,Kishoreganj,Mithamain
Dhaka,Kishoreganj,Nikli
Dhaka,Kishoreganj,Pakundia
Dhaka,Kishoreganj,Tarail
Dhaka,Madaripur,Kalkini
Dhaka,Madaripur,Madaripur Sadar
Dhaka,Madaripur,Rajoir
Dhaka,Madaripur,Shib Char
Dhaka,Manikganj,Daulatpur
Dhaka,Manikganj,Ghior
Dhaka,Manikganj,Harirampur
Dhaka,Manikganj,Manikganj Sadar
Dhaka,Manikganj,Saturia
Dhaka,Manikganj,Shibalaya
Dhaka,Manikganj,Singair
Dhaka,Munshiganj,Gazaria
Dhaka,Munshiganj,Lohajang
Dhaka,Munshiganj,Munshiganj Sadar
Dhaka,Munshiganj,Serajdikhan
Dhaka,Munshiganj,Sreenagar
Dhaka,Munshiganj,Tongibari
Dhaka,Narayanganj,Araihazar
Dhaka,Narayanganj,Bandar
Dhaka,Narayanganj,Narayanganj Sadar
Dhaka,Narayanganj,Rupganj
Dhaka,Narayanganj,Sonargaon
Dhaka,Narsingdi,Belabo
Dhaka,Narsingdi,Manohardi
Dhaka,Narsingdi,Narsingdi Sadar
Dhaka,Narsingdi,Palash
Dhaka,Narsingdi,Roypura
Dhaka,Narsingdi,Shibpur
Dhaka,Rajbari,Balia Kandi
Dhaka,Rajbari,Goalandaghat
Dhaka,Rajbari,Kalukhali
Dhaka,Rajbari,Pangsha
Dhaka,Rajbari,Rajbari Sadar
Dhaka,Shariatpur,Bhedarganj
Dhaka,Shariatpur,Damudya
Dhaka,Shariatpur,Gosairhat
Dhaka,Shariatpur,Naria
Dhaka,Shariatpur,Shariatpur Sadar
Dhaka,Shariatpur,Zanjira
Dhaka,Tangail,Basail
Dhaka,Tangail,Bhuapur
Dhaka,Tangail,Delduar
Dhaka,Tangail,Dhanbari
Dhaka,Tangail,Ghatail
Dhaka,Tangail,Gopalpur
Dhaka,Tangail,Kalihati
Dhaka,Tangail,Madhupur
Dhaka,Tangail,Mirzapur
Dhaka,Tangail,Nagarpur
Dhaka,Tangail,Sakhipur
Dhaka,Tangail,Tangail Sadar
Khulna,Bagerhat,Bagerhat Sadar
Khulna,Bagerhat,Chitalmari
Khulna,Bagerhat,Fakirhat
Khulna,Bagerhat,Kachua
Khulna,Bagerhat,Mollahat
Khulna,Bagerhat,Mongla
Khulna,Bagerhat,Morrelganj
Khulna,Bagerhat,Rampal
Khulna,Bagerhat,Sarankhola
Khulna,Chuadanga,Alamdanga
Khulna,Chuadanga,Chuadanga Sadar
Khulna,Chuadanga,Damurhuda
Khulna,Chuadanga,Jiban Nagar
Khulna,Jessore,Abhaynagar
Khulna,Jessore,Bagher Para
Khulna,Jessore,Chaugachha
Khulna,Jessore,Jhikargachha
Khulna,Jessore,Keshabpur
Khulna,Jessore,Kotwali
Khulna,Jessore,Manirampur
Khulna,Jessore,Sharsha
Khulna,Jhenaidah,Harinakunda
Khulna,Jhenaidah,Jhenaidah Sadar
Khulna,Jhenaidah,Kaliganj
Khulna,Jhenaidah,Kotchandpur
Khulna,Jhenaidah,Maheshpur
Khulna,Jhenaidah,Shailkupa
Khulna,Khulna,Batiaghata
Khulna,Khulna,Dacope
Khulna,Khulna,Dumuria
Khulna,Khulna,Khulna Sadar
Khulna,Khulna,Koyra
Khulna,Khulna,Paikgachha
Khulna,Khulna,Phultala
Khulna,Khulna,Rupsa
Khulna,Khulna,Terokhada
Khulna,Kushtia,Bheramara
Khulna,Kushtia,Daulatpur
Khulna,Kushtia,Khoksa
Khulna,Kushtia,Kumarkhali
Khulna,Kushtia,Kushtia Sadar
Khulna,Kushtia,Mirpur
Khulna,Magura,Magura Sadar
Khulna,Magura,Mohammadpur
Khulna,Magura,Shalikha
Khulna,Magura,Sreepur
Khulna,Meherpur,Gangni
Khulna,Meherpur,Meherpur Sadar
Khulna,Meherpur,Mujib Nagar
Khulna,Narail,Kalia
Khulna,Narail,Lohagara
Khulna,Narail,Narail Sadar
Khulna,Satkhira,Assasuni
Khulna,Satkhira,Debhata
Khulna,Satkhira,Kalaroa
Khulna,Satkhira,Kaliganj
Khulna,Satkhira,Satkhira Sadar
Khulna,Satkhira,Shyamnagar
Khulna,Satkhira,Tala
Mymensingh,Jamalpur,Bakshiganj
Mymensingh,Jamalpur,Dewanganj
Mymensingh,Jamalpur,Islampur
Mymensingh,Jamalpur,Jamalpur Sadar
Mymensingh,Jamalpur,Madarganj
Mymensingh,Jamalpur,Melandaha
Mymensingh,Jamalpur,Sarishabari
Mymensingh,Mymensingh,Bhaluka
Mymensingh,Mymensingh,Dhobaura
Mymensingh,Mymensingh,Fulbaria
Mymensingh,Mymensingh,Gaffargaon
Mymensingh,Mymensingh,Gauripur
Mymensingh,Mymensingh,Haluaghat
Mymensingh,Mymensingh,Ishwarganj
Mymensingh,Mymensingh,Muktagachha
Mymensingh,Mymensingh,Mymensingh Sadar
Mymensingh,Mymensingh,Nandail
Mymensingh,Mymensingh,Phulpur
Mymensingh,Mymensingh,Trishal
Mymensingh,Netrakona,Atpara
Mymensingh,Netrakona,Barhatta
Mymensingh,Netrakona,Durgapur
Mymensingh,Netrakona,Kalmakanda
Mymensingh,Netrakona,Kendua
Mymensingh,Netrakona,Khaliajuri
Mymensingh,Netrakona,Madan
Mymensingh,Netrakona,Mohanganj
Mymensingh,Netrakona,Netrokona Sadar
Mymensingh,Netrakona,Purbadhala
Mymensingh,Sherpur,Jhenaigati
Mymensingh,Sherpur,Nakla
Mymensingh,Sherpur,Nalitabari
Mymensingh,Sherpur,Sherpur Sadar
Mymensingh,Sherpur,Sreebardi
Rajshahi,Bogra,Adamdighi
Rajshahi,Bogra,Bogra Sadar
Rajshahi,Bogra,Dhunat
Rajshahi,Bogra,Dhupchanchia
Rajshahi,Bogra,Gabtali
Rajshahi,Bogra,Kahaloo
Rajshahi,Bogra,Nandigram
Rajshahi,Bogra,Sariakandi
Rajshahi,Bogra,Shajahanpur
Rajshahi,Bogra,Sherpur
Rajshahi,Bogra,Shibganj
Rajshahi,Bogra,Sonatola
Rajshahi,Joypurhat,Akkelpur
Rajshahi,Joypurhat,Joypurhat Sadar
Rajshahi,Joypurhat,Kalai
Rajshahi,Joypurhat,Khetlal
Rajshahi,Joypurhat,Panchbibi
Rajshahi,Naogaon,Atrai
Rajshahi,Naogaon,Badalgachhi
Rajshahi,Naogaon,Dhamoirhat
Rajshahi,Naogaon,Mahadebpur
Rajshahi,Naogaon,Manda
Rajshahi,Naogaon,Naogaon Sadar
Rajshahi,Naogaon,Niamatpur
Rajshahi,Naogaon,Patnitala
Rajshahi,Naogaon,Porsha
Rajshahi,Naogaon,Raninagar
Rajshahi,Naogaon,Sapahar
Rajshahi,Natore,Bagati Para
Rajshahi,Natore,Baraigram
Rajshahi,Natore,Gurudaspur
Rajshahi,Natore,Lalpur
Rajshahi,Natore,Natore Sadar
Rajshahi,Natore,Singra
Rajshahi,Nawabganj,Bholahat
Rajshahi,Nawabganj,Gomastapur
Rajshahi,Nawabganj,Nachole
Rajshahi,Nawabganj,Nawabganj Sadar
Rajshahi,Nawabganj,Shibganj
Rajshahi,Pabna,Atgharia
Rajshahi,Pabna,Bera
Rajshahi,Pabna,Bhangura
Rajshahi,Pabna,Chatmohar
Rajshahi,Pabna,Faridpur
Rajshahi,Pabna,Ishwardi
Rajshahi,Pabna,Pabna Sadar
Rajshahi,Pabna,Santhia
Rajshahi,Pabna,Sujanagar
Rajshahi,Rajshahi,Bagha
Rajshahi,Rajshahi,Baghmara
Rajshahi,Rajshahi,Charghat
Rajshahi,Rajshahi,Durgapur
Rajshahi,Rajshahi,Godagari
Rajshahi,Rajshahi,Mohanpur
Rajshahi,Rajshahi,Paba
Rajshahi,Rajshahi,Puthia
Rajshahi,Rajshahi,Rajshahi Sadar
Rajshahi,Rajshahi,Tanore
Rajshahi,Sirajganj,Belkuchi
Rajshahi,Sirajganj,Chauhali
Rajshahi,Sirajganj,Kamarkhanda
Rajshahi,Sirajganj,Kazipur
Rajshahi,Sirajganj,Royganj
Rajshahi,Sirajganj,Shahjadpur
Rajshahi,Sirajganj,Sirajganj Sadar
Rajshahi,Sirajganj,Tarash
Rajshahi,Sirajganj,Ullah Para
Rangpur,Dinajpur,Biral
Rangpur,Dinajpur,Birampur
Rangpur,Dinajpur,Birganj
Rangpur,Dinajpur,Bochaganj
Rangpur,Dinajpur,Chirirbandar
Rangpur,Dinajpur,Dinajpur Sadar
Rangpur,Dinajpur,Fulbari
Rangpur,Dinajpur,Ghoraghat
Rangpur,Dinajpur,Hakimpur
Rangpur,Dinajpur,Kaharole
Rangpur,Dinajpur,Khansama
Rangpur,Dinajpur,Nawabganj
Rangpur,Dinajpur,Parbatipur
Rangpur,Gaibandha,Fulchhari
Rangpur,Gaibandha,Gaibandha Sadar
Rangpur,Gaibandha,Gobindaganj
Rangpur,Gaibandha,Palashbari
Rangpur,Gaibandha,Sadullapur
Rangpur,Gaibandha,Saghatta
Rangpur,Gaibandha,Sundarganj
Rangpur,Kurigram,Bhurungamari
Rangpur,Kurigram,Char Rajibpur
Rangpur,Kurigram,Chilmari
Rangpur,Kurigram,Kurigram Sadar
Rangpur,Kurigram,Nageshwari
Rangpur,Kurigram,Phulbari
Rangpur,Kurigram,Rajarhat
Rangpur,Kurigram,Raumari
Rangpur,Kurigram,Ulipur
Rangpur,Lalmonirhat,Aditmari
Rangpur,Lalmonirhat,Hatibandha
Rangpur,Lalmonirhat,Kaliganj
Rangpur,Lalmonirhat,Lalmonirhat Sadar
Rangpur,Lalmonirhat,Patgram
Rangpur,Nilphamari,Dimla
Rangpur,Nilphamari,Domar
Rangpur,Nilphamari,Jaldhaka
Rangpur,Nilphamari,Kishoreganj
Rangpur,Nilphamari,Nilphamari Sadar
Rangpur,Nilphamari,Saidpur
Rangpur,Panchagarh,Atwari
Rangpur,Panchagarh,Boda
Rangpur,Panchagarh,Debiganj
Rangpur,Panchagarh,Panchagarh Sadar
Rangpur,Panchagarh,Tentulia
Rangpur,Rangpur,Badarganj
Rangpur,Rangpur,Gangachara
Rangpur,Rangpur,Kaunia
Rangpur,Rangpur,Mitha Pukur
Rangpur,Rangpur,Pirgachha
Rangpur,Rangpur,Pirganj
Rangpur,Rangpur,Rangpur Sadar
Rangpur,Rangpur,Taraganj
Rangpur,Thakurgaon,Baliadangi
Rangpur,Thakurgaon,Haripur
Rangpur,Thakurgaon,Pirganj
Rangpur,Thakurgaon,Ranisankail
Rangpur,Thakurgaon,Thakurgaon Sadar
Sylhet,Habiganj,Ajmiriganj
Sylhet,Habiganj,Bahubal
Sylhet,Habiganj,Baniachong
Sylhet,Habiganj,Chunarughat
Sylhet,Habiganj,Habiganj Sadar
Sylhet,Habiganj,Lakhai
Sylhet,Habiganj,Madhabpur
Sylhet,Habiganj,Nabiganj
Sylhet,Maulvibazar,Barlekha
Sylhet,Maulvibazar,Juri
Sylhet,Maulvibazar,Kamalganj
Sylhet,Maulvibazar,Kulaura
Sylhet,Maulvibazar,Maulvi Bazar Sadar
Sylhet,Maulvibazar,Rajnagar
Sylhet,Maulvibazar,Sreemangal
Sylhet,Sunamganj,Bishwambarpur
Sylhet,Sunamganj,Chhatak
Sylhet,Sunamganj,Dakshin Sunamganj
Sylhet,Sunamganj,Derai
Sylhet,Sunamganj,Dharampasha
Sylhet,Sunamganj,Dowarabazar
Sylhet,Sunamganj,Jagannathpur
Sylhet,Sunamganj,Jamalganj
Sylhet,Sunamganj,Sulla
Sylhet,Sunamganj,Sunamganj Sadar
Sylhet,Sunamganj,Tahirpur
Sylhet,Sylhet,Balaganj
Sylhet,Sylhet,Beani Bazar
Sylhet,Sylhet,Bishwanath
Sylhet,Sylhet,Companiganj
Sylhet,Sylhet,Dakshin Surma
Sylhet,Sylhet,Fenchuganj
Sylhet,Sylhet,Golabganj
Sylhet,Sylhet,Gowainghat
Sylhet,Sylhet,Jaintiapur
Sylhet,Sylhet,Kanaighat
Sylhet,Sylhet,Osmani Nagar
Sylhet,Sylhet,South Surma
Sylhet,Sylhet,Sylhet Sadar
Sylhet,Sylhet,Zakiganj
